Model,RMSE,R2 Score
Decision Tree Regressor,0.7028289572288925,0.6230424613065773
Ridge Regression,0.7455567442814779,0.5758157428913684
Linear Regression,0.7455813830127764,0.5757877060324508
