{"MAE": 0.5332001304956555, "MSE": 0.5558915986952442, "RMSE": 0.7455813830127763, "R2 Score": 0.575787706032451}